"id","title","description","release_year","age_certification","runtime","genres","production_country","seasons"
"4a3b318d-521f-4b01-bf10-27b26f3f6fa4","It's Now Or Never","Ratione adipisci laborum modi odit. Omnis delectus numquam porro. Nemo deserunt eveniet est eius deserunt est.","1979","18","10","Action","AUT",""
"6318daf0-a7b2-4198-a77e-4669d9f26d85","Streets of Philadelphia","Debitis dicta cumque atque amet pariatur eaque quasi. Pariatur ut accusamus maiores iure. Ipsa dolorem quas porro ex cumque quasi similique numquam.","2003","9","79","Fantasy","COK","2"
"fe120b99-ea85-4921-a43f-50c6fc8e3b63","Under the Boardwalk","Odit fugiat placeat eaque earum unde aliquam voluptas voluptatum veniam. Nemo quas exercitationem amet magni placeat. Libero doloribus dolore.","2012","12","154","Thriller","MMR",""
"182e6b59-1278-433f-8725-087166bb58cf","Walk On By","Reprehenderit quia aperiam pariatur voluptas minima atque pariatur. Asperiores et quas aspernatur doloremque fugiat amet praesentium vel. Impedit nihil ipsa repellat id blanditiis officia soluta.","2014","R","90","Drama","ASM",""
"938bdff5-8fc2-478d-9f07-0059b036ce10","Apologize","Adipisci facilis itaque id quia tempore sapiente atque quam atque. Nemo dolorum sint quisquam illo alias accusantium quaerat. Vitae unde itaque molestias unde odio qui perspiciatis.","2017","E10+","34","Thriller","CYM","3"
"078de9b4-9f1d-42ad-af87-dfe79d0b9637","Working My Way Back to You","Laborum saepe sit velit. Quos in blanditiis incidunt eveniet ex iure tempora excepturi. Ipsa voluptatibus veniam vitae.","1995","U/A","112","Comedy","MNP",""
"bec32d8d-7284-434f-af20-dbb72b42d053","April Showers","Impedit odio modi dolorum. Cupiditate impedit autem quis ad error odit fuga vitae. Voluptate culpa consequatur veritatis suscipit quae numquam dolores explicabo.","1988","EC","177","Drama","LKA","3"
"aed74a90-4721-4121-877a-532695e6f2d2","In the Year 2525 (Exordium & Terminus)","Repudiandae voluptates dolores illo eius commodi ipsum. Cupiditate dolor deleniti quaerat impedit occaecati. Odio aspernatur aliquid sed.","2012","PG","111","Horror","AUS","3"
"3bd1f07f-4c76-445f-a531-894abb40b280","Do That to Me One More Time","Suscipit non aliquam laudantium saepe voluptates provident eius praesentium. Voluptate reiciendis minus consequuntur quam. Nesciunt quaerat dignissimos eius exercitationem quidem.","1982","TV-G","75","Thriller","BMU",""
"09f5f945-2f7d-439e-842c-7c2e02a729d7","Somebody to Love","Tempora non incidunt. Impedit eaque quaerat sequi sit culpa ratione eum. Culpa quam quas maiores vel.","2018","18R","121","Comedy","TUV","2"
"aa78f410-c9df-4198-84d7-df4bf5444b45","Suspicious Minds","Vel quasi ratione repellendus commodi libero dignissimos quae sunt tempore. Eum accusamus aut voluptas. Omnis dolorem perspiciatis cum deserunt nam assumenda.","2006","AL","150","Fantasy","MMR",""
"c5fcc4bc-93ce-4d73-9b02-0dcceca5c0df","Mona Lisa","Expedita dolores neque necessitatibus dolore maxime temporibus. Distinctio architecto dolor consequatur. Vitae voluptate voluptatum aliquam voluptatibus maxime nihil.","1976","M/PG","95","Drama","DNK","5"
"418bd07c-b51b-4571-a873-1528ea937b12","A Hard Day's Night","Quos accusamus facilis. Eaque dolore laborum sed commodi maiores. Vel aliquid sint eligendi mollitia quae molestiae et.","2009","TV-G","70","Fantasy","HMD",""
"7dcb548c-02df-4df6-aa5e-b8cd087c6cac","Wild Thing","At a provident inventore ipsa quos numquam. Nobis pariatur odio magnam sapiente. Voluptatibus possimus praesentium aliquid facilis animi saepe.","2017","15","79","Action","COM","4"
"58ce5a45-50a6-43fa-80d1-d1ffc0eb3338","Hey Jude","Modi quisquam optio ipsa mollitia in rerum. Quasi distinctio dicta qui adipisci voluptas similique provident delectus. Minus magni dolore libero perferendis cumque expedita nobis.","1977","9","39","Fantasy","MLT","1"
"6b2ccad2-2288-400d-89bd-b9a422401796","I Write the Songs","Pariatur amet suscipit provident a odio natus voluptas earum eius. Exercitationem nesciunt at inventore rem magnam. Debitis tempore necessitatibus facere quos ipsam doloribus ex occaecati asperiores.","1986","18R","175","Action","MAR",""
"bcb5d43e-ba6b-4dde-8f80-3142e51d90aa","Too Close","Veniam hic earum. Laboriosam sit nisi exercitationem vero inventore impedit minima. Maxime corrupti ullam impedit tenetur sequi debitis laudantium odit vel.","2020","R16","161","Horror","BTN",""
"3cf57acd-459a-4cda-bac2-bc231f877f63","Black Velvet","Error dolorem soluta iste in nihil. Velit praesentium cum nihil dolor. Dicta ad vitae minus tempore occaecati minima nostrum dignissimos.","1979","TV-MA","20","Thriller","BTN","1"
"d74b0d9e-c3bd-4f59-b7e2-91ce1f68db18","This Love","Iure voluptatem occaecati veritatis libero. Velit perspiciatis in culpa vel facilis magnam maiores. Enim illo quam consequatur similique error.","2014","E","117","Fantasy","LBR",""
"f67e910d-b7f9-4e4c-8650-830675bcfa4b","Play That Funky Music","Est beatae similique. Dolorum ipsa illo dicta dignissimos non unde quia. Culpa facere aliquid asperiores eaque consequatur quos reprehenderit aperiam.","1982","E","57","Western","URY",""
"174c79e8-3096-4a18-a87c-9effebb7f3a4","Papa's Got a Brand New Bag","Molestiae iste itaque. Quibusdam eaque ea. Nesciunt eveniet error mollitia ipsam.","1994","9","132","Fantasy","AIA","3"
"d19bcfd6-f42c-4491-ab85-f76d82b214a6","Runaway","Aut cum facilis debitis et id quos quisquam praesentium expedita. Temporibus porro quasi fugiat pariatur numquam dignissimos incidunt eos. Recusandae voluptatem similique.","2009","18","54","Fantasy","KNA","5"
"2ecd0ab5-bd4e-4a43-b240-71555ee8c55a","Seasons in the Sun","Commodi repellendus accusamus ipsam corrupti inventore facere. Eius praesentium odio in. Eum maxime odit quo laborum officia.","1992","15","105","Comedy","LUX","3"
"40cc1efa-2933-4e67-bebd-7914093a9f57","The Way You Move","Tenetur placeat porro iusto beatae officia. Expedita corrupti ea voluptatibus aliquam ea magnam tempora culpa ratione. Aliquid libero voluptas cumque quibusdam odit.","2007","12","118","Comedy","BEN",""
"0065c6f4-0dd3-4179-acc7-b7f71a175f61","Nature Boy","Eum esse non porro quaerat adipisci porro cupiditate aperiam laudantium. At ab dolorum eos minus vitae facere iste neque. Soluta praesentium reiciendis similique animi soluta eaque quidem.","1980","TV-PG","28","Horror","NLD","5"
"73ded8e7-b94d-47bf-8a97-53fd95f02f29","You've Got a Friend","Porro similique earum velit quod magni. Facere accusamus non blanditiis velit sunt dolores quisquam fugit. Distinctio dolores impedit ratione.","2019","X18","97","Western","VAT","4"
"922d4672-9468-44b0-868e-6942e6181793","Alone","Ipsam consequuntur aut commodi fugiat recusandae nemo. Corrupti quod repellat. Omnis voluptate tempora beatae ut fugiat.","1980","GP","43","Drama","GLP",""
"72e2ed5a-c160-4e49-8da0-694c2ed44518","1999","Fugiat neque beatae veritatis modi nisi voluptas. Adipisci alias nisi. Fugiat consequuntur eaque autem cum odio perspiciatis eligendi deserunt.","1994","TV-14","176","Comedy","BES","4"
"eb3c293e-18ba-4804-a239-10b23e2eb799","Bennie & the Jets","Excepturi voluptatum repudiandae molestiae adipisci ullam odit quisquam. Accusamus enim fugiat reprehenderit libero totam modi vero. Ex eius ducimus tempora magnam explicabo enim.","1992","R18","146","Action","ZWE",""
"623505fd-87db-4847-bcca-20b80f942848","Tha Crossroads","Repudiandae excepturi sit. Numquam minima voluptas nostrum accusantium. Aliquam commodi similique quos qui voluptatibus delectus consequatur mollitia.","1984","T","72","Comedy","DZA","1"
"95549095-83e1-4745-8a32-96c68c5307bb","Hero","Perferendis quaerat fugit molestias numquam aliquid neque saepe. Sint hic itaque rem voluptatibus nulla reiciendis accusamus. Aperiam iusto suscipit consectetur molestiae adipisci autem amet modi.","2018","EC","166","Western","MAF","5"
"3d2798f8-a64e-4c55-b70a-4b68c7008f2b","School's Out","Ratione saepe sunt praesentium ex mollitia illum deserunt iure. Corporis nam accusamus. Facere nihil neque cumque laboriosam quod sequi possimus repudiandae saepe.","2010","EC","40","Horror","HKG","5"
"153fa21a-ff52-4325-b08c-5d5748e56ca7","We Are the World","Ullam quo quis distinctio enim maiores vitae fugiat. Ea vitae dolorem quia sit nesciunt magnam tempora porro atque. Eos delectus eaque eum voluptatem unde voluptate deserunt.","2005","S","134","Action","HUN",""
"8d648d13-4b04-4c0c-9f3c-e160eecee7e5","Angie","Architecto quos aliquam odio voluptate. Illum mollitia quasi blanditiis facilis aut quam voluptas. Asperiores quos sed quae rem blanditiis.","1978","R18+","119","Fantasy","YEM",""
"c5a5eb7c-053d-4cf3-8a00-50eeb4d03228","My Love","Assumenda consequatur facilis delectus saepe blanditiis. Quo saepe totam officia provident sint nemo quos dicta earum. Suscipit cumque adipisci vel harum qui autem recusandae sequi.","2007","NC-17","80","Drama","ALB","3"
"5ef2c153-3f82-49a6-8c61-5f9cf16cfeaf","I Swear","Fugit animi atque suscipit aut est rem. Labore repudiandae sapiente reprehenderit ea eos non. Officia soluta earum ab voluptatibus doloribus officia nesciunt vel.","2010","TV-G","152","Action","PAK","4"
"333d891f-ec2d-4a5c-b9c2-a66c45b793cb","Check On It","Laborum natus modi veritatis beatae reiciendis nisi neque voluptatibus. Magnam optio saepe vero dolore unde sint voluptate nesciunt ab. Nihil totam magnam eius earum provident atque enim eligendi rerum.","1977","R18+","138","Horror","MMR","2"
"dc5cb19c-fac1-45f8-8bdf-820beca769c0","ABC","Facere animi eveniet rem laudantium repellat magni. Ex at ullam. Qui sapiente cumque ex neque.","2009","A","60","Thriller","COD","4"
"06095c5a-854d-4dd0-9905-bd83fb6e27bb","Sweet Georgia Brown","Molestias eligendi eos voluptas hic molestias fugiat suscipit harum nemo. Sapiente eum ut consequatur veritatis perferendis. Veniam sit deleniti iure libero.","1980","TV-G","79","Action","SGS",""
"a81fa5bd-2efa-4599-87ce-e9f01a5a66f0","All Along the Watchtower","Sit harum est vitae. Cum sed atque qui quos laborum molestiae molestias cum. Fugiat molestiae hic veritatis.","2003","R18+","131","Thriller","TUV",""
"ba7f8c58-ab8f-42e2-9344-9b6845e0701d","Build Me Up Buttercup","Voluptas beatae odio totam sequi molestias numquam eveniet dolorem voluptatum. Asperiores fugiat animi tempora illo non. Ipsa est sed architecto aperiam soluta doloribus.","2007","9","96","Action","BFA",""
"eb400dde-ceec-4dd9-bb07-57a7459a9acb","Airplanes","Natus architecto quisquam ducimus alias ipsam veniam animi. Eligendi reiciendis odio rem amet blanditiis quos nemo. Dicta aliquam veritatis voluptas.","1983","R21","26","Drama","SUR",""
"a7bac8ee-6417-4b4a-ac7c-2ecdbac2856a","Walk On the Wild Side","Fuga pariatur fugit voluptate sed. Occaecati itaque commodi tempora corrupti quod. Quia maxime in.","2021","CA","89","Thriller","MSR",""
"32386be5-13ee-4bfc-8412-9c7d8191939b","Straight Up","Esse itaque eius. Laborum fugit illum dolor nemo doloremque. Aspernatur ad nostrum maiores aperiam minus laudantium exercitationem.","1989","R18","138","Comedy","AZE","3"
"75e0353c-fb73-43d6-b411-ab6b8cb9dfd1","Mule Train","Quod non earum hic. Voluptatum non voluptatibus in repudiandae hic quidem nobis saepe numquam. Tempora culpa nihil animi dolorum.","2000","E10+","134","Thriller","AGO",""
"59064436-30bb-4f86-ae94-d901d7801482","Running Scared","Cupiditate odio fugiat voluptatem est quia. Molestiae saepe consequatur sapiente enim. Ipsum delectus ratione.","2009","15","88","Drama","ESP","3"
"ec910045-adac-4d80-aaa0-cf615d866b05","Heart of Glass","Nulla amet voluptatum neque culpa corporis. Veritatis ipsa alias nam a dolorem inventore nesciunt. Ex molestiae magni quaerat quibusdam voluptatem neque consequuntur distinctio minus.","2005","15","106","Horror","PYF",""
"3ed37943-ff73-4ad3-96c3-1ec0aa9105cd","At the Hop","Illum quaerat architecto nemo. Consequuntur similique ad numquam iusto ipsa neque. Ut quis saepe quia.","2002","NC-17","136","Fantasy","LKA",""
"6682c8b5-b324-4559-a00f-da319ee8091a","My Man","Nulla iusto expedita deserunt similique voluptas ab quibusdam. Enim dolore tempora soluta. Aspernatur ducimus dignissimos fuga sapiente sed natus.","2002","CA","92","Thriller","MSR","1"
"07e57e8d-14c2-43fb-a0f3-2cc675ce448d","There goes my baby","Dignissimos placeat sint. Consectetur expedita deleniti nulla. In id porro pariatur optio sunt reprehenderit odit.","2000","E","54","Thriller","NIU","2"
"28fb248d-1e39-4ca5-9fb7-b6b50d03f797","Strawberry Fields Forever","Excepturi occaecati officiis ea suscipit. Quos occaecati laboriosam voluptas voluptatum dolor et optio. Est voluptatum ad.","2014","R","79","Comedy","YEM",""
"4d964ad4-06f6-4c59-a7df-cdb36a61a55e","I Need You Now","Assumenda eligendi doloribus voluptatum quasi explicabo quisquam iste nesciunt. Aspernatur praesentium vel aliquam delectus sunt dolorem. Suscipit veniam autem neque amet dolores aspernatur nihil.","1982","GP","172","Drama","KIR","2"
"8bc1d096-5eb0-4157-98d8-622f91d242f4","This Ole House","Reiciendis quae quia quod. Aliquam quidem illo aut quo odit. Eos alias libero adipisci delectus.","1976","E","49","Western","SSD","1"
"6b648157-f932-4813-b8fb-124f480af04e","Hurt So Good","Dolor unde eaque vel reprehenderit. Pariatur fuga ea tempora id. Explicabo tempore dignissimos magni eius amet voluptate vel fuga cupiditate.","2000","TV-G","52","Western","LBY","3"
"e7a02a00-2471-48c8-ac9f-ae7add63904f","Black Or White","Illum laborum eum ea unde. In earum nesciunt. Sint quaerat minima est incidunt.","1997","12A","127","Horror","SLV",""
"7a397a21-6464-496c-8654-b02d36cbe7c3","Without Me","Aut nemo ullam fugiat. Quis eligendi repellendus inventore laboriosam numquam et magnam. Accusantium expedita corporis.","1977","T","132","Thriller","MNE",""
"ab213f3c-80f3-4c75-8825-393eb83f8ad5","I Think I Love You","Quas molestias dolorum dolores maxime. Molestias voluptas cumque. Doloremque dignissimos ex iure.","2020","NC-17","97","Western","CIV","3"
"f85cdc17-7913-4d1b-b8ae-86e8cf4bbf2c","He's a Rebel","Blanditiis corporis asperiores minima voluptatum explicabo consectetur. Vitae distinctio accusamus voluptate qui nemo officia odio. Ipsam qui nesciunt blanditiis ea.","1998","TV-G","161","Horror","BLM","3"
"6a386ad5-f6ed-4745-9a57-da8197c4072f","Till The End of Time","A nihil doloribus voluptatum deserunt numquam consequuntur earum odit earum. Corrupti mollitia minus. Asperiores dolore enim corrupti quasi illo quod.","2004","TV-PG","44","Action","IMN","2"
"29b2bc31-f2f8-4fbd-beba-89b4d191768a","Touch Me","Maxime consectetur voluptatibus autem dolorem necessitatibus aut assumenda nulla. Iusto illum quaerat nihil iusto voluptas distinctio tempore porro fugit. Architecto possimus quia alias nemo asperiores consequuntur.","1974","TV-Y","107","Western","SDN","2"
"1473ab0a-e341-41c8-8c4f-861e8e0bd6f5","Say Say Say","Quam aliquid officiis. Eum animi architecto harum sunt. Veniam eum reiciendis.","1979","E10+","50","Fantasy","ATG",""
"8a3c7b15-f01f-45e4-80ee-3254a1659f77","Sir Duke","Eligendi excepturi mollitia non officia suscipit quaerat sapiente. Ut ipsam accusamus ea dicta maiores nemo deserunt molestias occaecati. Veritatis quia sapiente tenetur recusandae facere minima deserunt optio.","2015","T","41","Drama","SWE","2"
"e68824f4-8afe-479a-8069-61e883dfa069","I'll Be There","Voluptates iste facere laborum rem. Rem repellendus commodi suscipit consectetur eos voluptas. Velit officiis aut incidunt eaque pariatur excepturi ab.","2001","AL","32","Comedy","PRK","4"
"b2809b31-0311-4056-b0bb-a9f9c4e936a9","Imagine","Eum distinctio deleniti nisi perspiciatis illo voluptate debitis ad esse. Error aliquid blanditiis ex vero saepe. Quidem reiciendis nostrum fuga.","1996","R","65","Comedy","TKL",""
"378552ae-cffc-4b30-92fe-a2a7c83f4e1a","Born to Run","Saepe quos aut suscipit voluptatem sequi excepturi exercitationem reiciendis. Labore veniam voluptas ad omnis commodi. Quasi ab mollitia tempore repellat.","2016","M","121","Horror","SRB","2"
"d29324f7-8674-42d7-beed-1b286b8d4e01","Ghostbusters","Veritatis cumque magnam illum. Accusantium consequatur ea repellat a. Deleniti nemo deleniti ullam quos assumenda libero.","1998","AL","100","Fantasy","HMD","3"
"ddda73a8-b495-46fc-8822-040bd4865daf","Incense & Peppermints","Repellendus laudantium numquam quia dignissimos incidunt neque saepe eum. Labore deleniti quibusdam quia optio aliquid. Nesciunt quos laborum totam magnam.","1974","S","55","Western","GHA","5"
"728d4a5b-037d-4937-a22c-3b88ceea8d50","Hanky Panky","Veritatis magni nisi minima ad veritatis. Ea ex enim fuga laboriosam ab culpa enim. Libero nulla totam placeat quibusdam soluta.","2023","R16","146","Horror","GNQ","5"
"5b8d36bb-84bf-4cc0-805d-9c444bf539b9","Stormy Weather (Keeps Rainin' All the Time)","Ad error iste. Qui quasi officiis omnis error asperiores voluptate enim maiores id. Culpa nulla illo fuga modi.","1998","A","10","Western","HMD",""
"87c35280-251e-418c-8475-9d9ca6b9a389","Crimson & Clover","Dignissimos repellendus corrupti. Quia recusandae ducimus. Aut atque modi.","1981","G","52","Action","LSO","5"
"3d4573eb-8d0c-4790-8886-bd4912d6f84d","Gold Digger","Consectetur dolores eum quasi. Reiciendis iure vero voluptatibus pariatur. Deserunt libero iure autem unde nam ratione odio.","2013","X18","23","Western","TUR","5"
"6f3d0769-947f-403f-97eb-3ef779a356e0","Venus","Non pariatur eos corrupti. Molestiae explicabo cum esse quasi quasi eveniet. Assumenda veritatis voluptate laudantium atque molestiae saepe.","1979","X18","130","Comedy","BLZ","1"
"721f509a-555a-4fe4-b1aa-10c285aed9ae","Faith","Quae quaerat nulla est. Eos quisquam quo vel dolorem. Officia at veritatis totam.","1978","EC","157","Thriller","GLP","4"
"afc8bc84-c234-4207-8c72-ddd1d74e28ae","Night & Day","Iure culpa neque. Expedita possimus vel voluptatum hic minima quis alias mollitia aut. Consequatur quo accusamus.","2021","TV-G","98","Drama","AIA",""
"ec9e3a4e-67a0-4007-9e13-f3407633ec2d","Roses Are Red","Odit aperiam velit. Voluptatibus deserunt quo. Aliquid vel provident harum.","2020","G","156","Comedy","MNE",""
"b36c5b52-728e-4a28-94df-369782a3e71f","I Want to Know What Love Is","Exercitationem eveniet voluptatem deleniti suscipit ad perspiciatis magni iure. Temporibus quasi corporis aperiam eligendi eos iste deleniti dolor id. Dolorem cumque eaque fuga porro aliquam.","1976","R18+","86","Action","MAC","5"
"86d277a3-d7bf-4e7d-8ad9-7997f35a6ddd","Someday","Earum dolorem dolore nulla voluptates architecto. Rem corrupti consequatur voluptatum itaque aliquid sit. Velit ex magnam delectus odit autem.","1984","GP","89","Action","FSM",""
"0e5e2158-db4e-47c8-a437-93906197537b","Mmmbop","Sunt dolorum sint deserunt aspernatur aspernatur ratione expedita. Error quaerat saepe dolorum officia molestiae eos quisquam consequuntur officiis. Quasi fugit corrupti ex culpa.","1978","PG","94","Thriller","KGZ",""
"a72d7a73-ce53-4cd6-ade0-3387cae22bdb","Empire State Of Mind","Amet natus molestias. Dolores earum iusto cupiditate modi mollitia. Accusamus mollitia doloribus.","1989","R18","53","Drama","VIR",""
"05ef6797-98f5-490a-bfee-7e0a259efdde","Feel Like Making Love","Tenetur quisquam libero ducimus quibusdam inventore ad voluptatum assumenda. Vero odio deserunt. Est rem et ea a molestias numquam aut facere.","2005","M/PG","130","Western","RWA","4"
"202af6d1-275c-428d-913b-ac70dd934016","Theme From 'Shaft'","Expedita voluptatibus nobis occaecati dolor a dignissimos mollitia. Libero quis repellendus ex. Inventore ipsa eius enim harum numquam sint architecto blanditiis laudantium.","2002","GP","176","Western","WSM",""
"e2050abb-1271-4104-94fc-52badb0ab3b5","Love Letters in the Sand","Sapiente autem mollitia facere dolore. Eaque impedit expedita. Occaecati animi autem.","1997","E10+","117","Comedy","SOM",""
"ab92048c-8392-45f0-8391-72674e44c0bb","I Want to Hold Your Hand","Debitis quibusdam quisquam. Quod a placeat culpa vero provident. Adipisci sequi dolores aliquid.","1973","CA","36","Western","BES","4"
"f8668f17-d977-4ed0-a1bd-ccca697d32e6","Walk Like a Man","Maiores reprehenderit cum possimus earum earum. Nulla officiis illo. Harum consequatur vel officiis repudiandae expedita incidunt odit quos sunt.","1994","NC-17","13","Thriller","BEL",""
"25cd0e94-1cba-4f31-a611-26c458a2c3d2","What Goes Around Comes Around","Molestias explicabo molestias repellendus veritatis. Aliquam id suscipit sequi porro inventore quia. Officiis illo corrupti.","1994","TV-Y","141","Comedy","CXR","4"
"5619ed3c-4399-42aa-91bd-c1ada70d412f","This Used to Be My Playground","Laboriosam illo odio placeat dolores ex eum ipsam. Adipisci quam perferendis perferendis. Ut accusamus consequatur facere occaecati rem libero iste.","1991","12","103","Action","COL",""
"5426042f-60c8-42d7-bb5f-f743abaada98","He's So Fine","Eaque cupiditate dolore voluptate consequatur repellendus. Tempore delectus dignissimos illo iure saepe. Quisquam nesciunt odio saepe ipsam veritatis.","1992","CA","175","Fantasy","THA",""
"b4ef74c9-9b21-4468-b2b9-35ce1488289c","Woman","Neque perspiciatis doloremque occaecati ratione. Dicta illo reiciendis architecto aliquam. Doloremque sint laboriosam ab tempora magni nesciunt.","1988","T","143","Drama","ECU","5"
"247f50c7-7d28-4cb4-8289-90774fea8ac7","Walk Don't Run","Temporibus ratione quam quo. Libero laborum officiis doloremque rerum omnis aspernatur commodi repudiandae. Blanditiis ipsum est blanditiis dignissimos reiciendis expedita voluptatum.","1979","TV-PG","79","Western","BOL",""
"25e3bb7e-a612-40a9-a2f0-e01eebcd9071","When You Wish Upon a Star","Voluptate ipsam quisquam iusto eveniet occaecati labore soluta sequi cumque. Odit asperiores nobis assumenda. Nobis dolorum culpa facere deserunt dolorum.","1986","TV-MA","174","Fantasy","AZE","4"
"f370d4ab-fa78-4d69-9e76-20a9d3777747","Say Say Say","Veniam voluptas magnam corporis temporibus fuga aperiam ipsam beatae. Eius nobis sequi. Corporis inventore repellat optio optio doloribus.","2011","TV-PG","162","Thriller","BWA",""
"74f7e357-cb3a-4dd8-a038-7f626a2e3155","We Found Love","Vel debitis quo temporibus explicabo autem. Quaerat eum labore quod quod qui voluptate officiis. Cumque ullam ut ipsam aliquam veniam.","2000","E","132","Drama","VEN","5"
"dcbcfbbe-a1df-45e6-8906-9c9b264b5f1a","Ballerina","Ipsam blanditiis ex voluptas eum odit ex amet totam dolores. Architecto quidem ex itaque dolore fugiat neque magni quo. Harum ex fugit.","2018","A","72","Fantasy","HMD","5"
"260a31e2-4eb3-4033-863e-078deeadd8e0","Wake Me Up Before You Go Go","Magni distinctio laboriosam aliquid nihil aliquam. Quisquam repellendus nulla eos expedita omnis quo. Labore aspernatur nulla ipsum possimus in beatae vero laudantium deserunt.","2005","12","23","Fantasy","TWN",""
"199e9e39-3db4-448c-9572-399e23d46f9f","Baby Love","Placeat iste occaecati numquam officia id nihil. Molestiae tenetur quasi. Tempore aperiam dolores eveniet corporis.","1983","S","130","Drama","ZMB","1"
"5e44364a-b9b0-4be0-8a15-d811f55de433","My Sharona","Minus dolorem rem similique aspernatur quas rem totam. Vel excepturi necessitatibus doloribus quisquam accusamus quia totam culpa ullam. Omnis atque suscipit eaque.","2012","C","92","Horror","BEL","1"
"08d9e0bb-5801-4fc5-abc4-051207372ff8","So Much in Love","Ut laboriosam eius non. Architecto ab sit hic quia quia vel repellendus voluptatibus magnam. Corporis assumenda exercitationem exercitationem perspiciatis at facere quo perspiciatis praesentium.","2011","6","34","Western","BMU","1"
"fa8f0b2e-2bb9-4ac7-bd09-614bf2655dd4","Baby Come Back","Veritatis assumenda temporibus quo accusantium. Quos reiciendis aperiam mollitia aut. Placeat occaecati ducimus ipsa ratione doloremque.","2017","R16","128","Horror","MTQ",""
"205ad4cd-37da-4440-8c38-8df45bf06e83","Let's Hear it For the Boy","Provident porro sunt maxime est eum saepe. Aperiam earum cum odit libero reiciendis pariatur porro eius aperiam. Dicta enim praesentium dignissimos.","1995","18R","34","Action","BLZ","3"
"aed760b4-90a7-4751-acee-860d7410b3da","Fast Car","Iste reprehenderit facere. Dolorum quibusdam reiciendis illo. Possimus vero tempore.","2019","TV-G","75","Drama","BTN",""
"51394276-ad90-4586-829c-73724a15dc33","Your Song","Dicta accusantium culpa at quod ea facilis saepe dolorem. Itaque optio magnam vero iusto eos nam velit cum totam. Dicta numquam eaque cum maiores architecto.","1995","R","74","Horror","FRA","3"
"b5474421-6701-4915-a120-4f02455f0f9d","Firework","Laboriosam tempora laborum aliquid voluptate expedita dolores. Error similique incidunt. Quam excepturi repellendus voluptate esse.","1992","GP","180","Thriller","SEN",""
"1b1c6d4e-a4aa-4a40-a838-c6eff4dec421","Got to Give it Up","Occaecati tempore suscipit reiciendis dolore laboriosam. Enim molestias numquam hic iure possimus commodi commodi velit. Nulla ratione nulla cupiditate vitae.","2012","6","161","Thriller","MSR","3"
"3ae60eaf-4500-40f8-a924-375c1aefc7f4","Mr Big Stuff","Harum ducimus temporibus delectus ex itaque at odio. Debitis corporis magnam dolorem vero quaerat ab quam. Accusantium nulla ullam earum dolore consequuntur.","2008","TV-PG","163","Comedy","MHL","2"
"404aaef8-474e-4825-958b-aee05debfa31","War","Consequatur nulla corporis voluptatibus nihil enim sit. Ab rerum mollitia nostrum. Dolore praesentium officiis delectus ullam quibusdam corrupti atque nemo suscipit.","2019","EC","63","Fantasy","BRN",""
"6f743b6e-82ee-4ce4-9828-235384f81dd2","You Are the Sunshine of My Life","Dicta eveniet quam ipsum perspiciatis suscipit harum totam suscipit. Illo nihil labore. Necessitatibus quas illo sed.","2010","A","67","Thriller","TLS",""
"b4a6060f-0f0f-424d-b9e4-ceb0cece7375","What Goes Around Comes Around","Error eos vitae suscipit consequuntur reprehenderit numquam natus eligendi. Fugit aperiam eos accusantium autem. Voluptatibus temporibus deserunt dolores voluptas odio recusandae accusantium facere soluta.","1984","MA15+","102","Comedy","MRT","4"
"48fbdec4-27de-470c-8a10-6411eb9f6fea","(Sittin' On) the Dock of the Bay","Ipsam iure ullam laudantium unde illum amet necessitatibus alias corporis. Commodi quidem itaque praesentium dolorem rem voluptatem autem hic. Veniam autem esse modi ab.","1992","12A","179","Thriller","BGR","1"
"fcbd1837-d75d-457b-ba51-1d4169cef421","Time of the Season","Ad suscipit consequuntur natus sed iure ut. Ad nam doloribus fugit laboriosam accusantium impedit molestiae in consequatur. Alias aspernatur nam perferendis praesentium harum non provident laudantium.","2005","T","180","Thriller","NPL","2"
"cbb99e45-26ce-4847-8824-0acde556e7f6","There goes my baby","Quibusdam soluta odio voluptates voluptates illum. Minima consequatur accusamus facere. Sed atque itaque maxime.","2001","X18","35","Thriller","GUY",""
"4f336580-84d4-4851-b157-1653e7b2a247","Feel Like Making Love","Aliquid unde incidunt corporis nemo. Repellat fugit aliquid nobis corporis harum architecto maiores. Itaque reiciendis odit consequatur voluptas exercitationem esse nemo consequuntur iure.","2011","S","48","Comedy","GUM",""
"71b09339-f672-4c90-b8e0-cd16ea7bb555","Ring of Fire","Reprehenderit fugit non officiis rerum corrupti quidem explicabo nostrum. Molestias laboriosam perferendis nisi doloribus a voluptatibus. Explicabo ducimus quas similique officia minus tempora.","2009","C","155","Western","ITA",""
"45018865-05e6-4247-bfd3-49b20da93177","Like a Virgin","Repudiandae adipisci nesciunt ex possimus distinctio excepturi quia sapiente. Quas fugiat beatae iure aut temporibus consequatur numquam esse voluptatum. Omnis aspernatur tempora veniam.","1981","TV-MA","96","Drama","PRI","5"
"9bd9a7a2-5a91-4d92-8904-cc3968908085","Rag Doll","Beatae harum unde amet quasi accusantium. Sed facilis ab repudiandae maiores cum. Quasi tempora dignissimos excepturi inventore velit a fugiat ducimus.","2018","R18+","37","Thriller","BMU","5"
"466d6984-796e-4acb-98fa-460e77c18517","My Blue Heaven","Odio consectetur harum rerum autem fuga vel. Reprehenderit optio consequatur veniam magni. Sed molestiae optio nobis repellat fugit minima expedita recusandae.","2002","R18","58","Comedy","THA","2"
"9af606df-d588-482d-a2eb-d496eee3c5f2","Duke of Earl","Excepturi a dolorum accusantium. Doloremque expedita officiis doloremque dolorum vitae voluptatum. Illum ratione cum reprehenderit aliquam ab ratione.","2020","AL","133","Comedy","FRO",""
"2f2e76bb-a864-4c6b-bba0-7d012b12072a","Shake You Down","Veritatis corporis officiis repellat itaque consectetur tempora error quos. Ex deleniti consequuntur repellat vitae esse deleniti veritatis eos error. Officiis inventore sit corrupti facilis recusandae eligendi aut facilis fugit.","1974","X18","125","Comedy","MUS",""
"bb097bb9-211e-48af-9ba1-8e746d5c0e0a","Come On-a My House","Perspiciatis temporibus aperiam natus perferendis aperiam commodi. Voluptates adipisci magnam animi. Commodi culpa provident aperiam ex maiores eum voluptate eius.","2006","TV-14","133","Comedy","ATA","5"
"5610cee7-ad0b-41d9-9a50-29e5bab4bde8","Monday Monday","Fugiat recusandae impedit tenetur aliquam. Rem excepturi quisquam. Debitis quae iure culpa.","1991","R21","30","Comedy","VIR","4"
"5bb56752-a480-40e4-a1e2-83796ea89b5f","Tonight's the Night (Gonna Be Alright)","Placeat atque minima provident eligendi corrupti quam distinctio vero voluptate. Vitae nemo fugit nihil ipsam nobis officia dolores iusto nemo. Officia a ipsa.","1990","TV-Y7","45","Comedy","NGA",""
"83c12df2-30e2-4921-b44c-df704f7c7cfd","Silly Love Songs","Nisi molestiae occaecati laboriosam voluptas sequi dicta. Autem ut nobis quos quod doloribus atque earum et minus. Blanditiis repellat tempore nisi quo.","2016","E10+","44","Comedy","PLW","1"
"8f53fa99-66ac-49b4-8295-75023cd08939","Baby Love","Blanditiis possimus animi perferendis. Ipsa odio non libero in recusandae deserunt ipsa expedita. Numquam architecto a.","2023","E10+","31","Drama","BHS",""
"9d98e4b7-5bba-45a2-859a-8eb82315640f","Drop it Like It's Hot","Nulla voluptatem distinctio odio ullam. Quam architecto temporibus nihil suscipit cum nihil deserunt magnam. Temporibus ullam ad deleniti quam labore ut neque.","2014","TV-14","88","Comedy","NER","4"
"86dd7f4b-af6b-4b4c-82e9-5504c17ef37f","April Showers","Nulla adipisci hic velit eaque blanditiis optio maxime animi tempore. Rem nam earum aut reiciendis animi occaecati perferendis at. Animi amet fuga totam.","1979","PG-13","163","Horror","BWA",""
"a991dbc7-0df1-4e4b-8a24-498fab11eda7","My Girl","A numquam neque nostrum magni sed dicta doloremque. Amet voluptatum accusantium ratione. Ipsam excepturi minus nesciunt quia occaecati dignissimos.","2015","TV-Y","28","Thriller","GHA","1"
"161c5dc3-ef0a-42b8-9cad-97084e56d6ca","Ac-cent-tchu-ate the Positive","Quasi architecto voluptate odit voluptas. Nam dignissimos temporibus minus non ut praesentium. Nobis pariatur exercitationem porro mollitia incidunt.","2007","E10+","141","Thriller","MDA",""
"917124d4-6c60-4d0f-9fbf-58a25a6d4e59","The Boys of Summer","Reprehenderit aut tempora recusandae. Eum voluptate culpa. Dicta illo quia doloremque tempore quos officia iste eum.","2007","15","145","Western","GBR",""
"7a620c63-7cbd-4295-82c5-8497e3ec9f67","Don't Stop 'Til You Get Enough","Saepe earum veritatis. Amet suscipit tempora laborum. Et ipsam iure optio occaecati.","1976","18","55","Action","TUN",""
"92a30bb3-ff4e-4d9c-b2ef-bd5d892058fb","Honey","Inventore quisquam fugiat explicabo dolorem voluptatem quidem cupiditate sapiente. Modi ad beatae minus nihil dolor quas veniam eos. Cum sapiente necessitatibus architecto labore animi similique ipsa nulla.","2008","U/A","103","Fantasy","BGR","3"
"079b2d97-7e53-44f3-83c1-7760777bd8ea","Under the Boardwalk","Non voluptatibus officia laudantium laboriosam alias qui rerum recusandae. Culpa aperiam modi necessitatibus sint nostrum. Beatae consectetur facere molestiae iste temporibus blanditiis eligendi.","1991","12A","153","Comedy","OMN","3"
"06639f28-9770-4243-bafd-ae6f5bc34e9e","Don't You (Forget About Me)","Voluptatum illo excepturi similique. Unde soluta itaque soluta ad nam odit alias. Error esse qui nobis.","1992","18","32","Thriller","LVA",""
"e9ee596f-cdfc-4229-bc3e-e7329bf22b50","ABC","Magnam architecto natus incidunt cumque voluptates qui dolore maxime. Perspiciatis exercitationem eveniet ex qui reiciendis ex. Ea nostrum neque vel vero ad aliquam voluptatem.","2007","6","41","Horror","QAT","2"
"1c0339bf-416b-4b19-b000-53ce8b7a61af","Footloose","Facilis recusandae commodi ex ipsa repudiandae sed unde fugit. Accusamus dignissimos qui exercitationem quidem facilis. Distinctio perspiciatis esse dolorem.","1988","MA15+","81","Thriller","SGP","5"
"ec731ff8-bc68-4a3c-accc-7b8ceba3d01e","Yeah!","Dolorem asperiores ab quas quam molestiae fugit necessitatibus. Asperiores architecto assumenda perspiciatis. Dolore nemo omnis quisquam in aperiam animi debitis doloremque aliquam.","1994","12","157","Drama","VEN","1"
"459c4a05-654b-4db3-8552-40916bfa174b","Superstition","Culpa iusto pariatur. Eum soluta illum sapiente asperiores quos. Nihil cumque illum omnis facilis laborum placeat.","1994","R21","20","Fantasy","GRL",""
"561ca5fd-6241-4390-a308-254d1ce9896a","Wind Beneath My Wings","Animi sunt libero veritatis. Placeat laborum culpa placeat harum deserunt maiores nam iste. Itaque beatae illum quos doloribus repellat laborum itaque.","1976","U","45","Fantasy","RUS","3"
"d120e4ed-b4ba-449c-a4e4-ae67405818e9","Baby Come Back","Enim expedita voluptatibus. Eum odit libero quis vel dolorem excepturi quidem error ea. Nesciunt dolorum tempora quibusdam perferendis.","1983","U","33","Western","ARG","5"
"6dbde251-12a7-4bc4-8e87-b8d711f4b4f1","Nights in White Satin","Molestias cum quas harum sequi ipsa nemo excepturi placeat. Sequi possimus facilis. Similique tempora beatae error odit expedita voluptate molestias et eos.","2004","E10+","37","Comedy","BLM",""
"6798a423-9d64-4e72-ad2a-8f4341605373","Bye Bye Love","Quibusdam fuga ratione blanditiis fuga perspiciatis maiores molestiae. Consectetur reprehenderit facere beatae id architecto. Quia cum animi impedit mollitia quod quia quam debitis.","2015","R18","113","Fantasy","KOR","4"
"169d79ba-195a-4b96-b1b3-0923a31dbfbb","Leaving","Consequuntur ipsam itaque. Dolore molestias voluptas ducimus esse dolores placeat. Quo velit sed reiciendis doloremque.","1992","U/A","42","Western","UGA","1"
"3abc4342-933b-4156-9b81-9e8321b98a18","Hot Stuff","Expedita illum ipsum sequi cumque officiis perspiciatis. Tempora deleniti architecto adipisci fugit voluptates aut aliquid esse ex. Laboriosam perspiciatis ipsam necessitatibus veritatis minima placeat.","2015","TV-Y7","83","Western","GGY",""
"918690cb-d7ac-405c-93a2-497aca3468a9","You've Lost That Lovin' Feelin'","Doloribus in similique natus. Sit saepe similique eligendi cumque illum facere corrupti ducimus necessitatibus. Sunt natus quo.","2018","M/PG","23","Fantasy","SMR",""
"3c0cfd07-2963-42ae-9502-455af1c64478","Love Child","Accusamus blanditiis fugiat optio tenetur delectus nisi. Modi tempore id sint placeat quae aliquam omnis. Illum expedita a.","1985","TV-PG","55","Action","NRU","1"
"dea3863d-0ee8-4978-be75-b674f2f54cb2","Georgia On My Mind","Consequatur aperiam at ut error neque sint soluta eveniet quas. Delectus repellat consequuntur officiis in pariatur consequuntur officia asperiores in. Magni facilis eaque saepe provident.","2002","TV-Y7","30","Comedy","IND",""
"b06c72d0-c0c0-4743-8a17-01182bdd1a95","I'll Walk Alone","Quas harum consequuntur quod ea aperiam voluptatem id voluptatum. Tenetur optio sapiente explicabo sit accusantium eum illum debitis impedit. Debitis nisi occaecati officiis praesentium veniam sed quaerat exercitationem.","1979","E","55","Western","BEL","1"
"6dab5fcb-1f0e-448c-a591-fce933687410","Music","Labore ullam occaecati autem eligendi pariatur blanditiis. Voluptas quibusdam dicta explicabo illum veritatis ea voluptatum pariatur optio. In aperiam incidunt sequi officiis natus magni sequi enim optio.","2018","M/PG","100","Thriller","FLK","3"
"7bf830d1-c25d-4412-af5d-95ab31e0f0b9","Help!","Praesentium nam quisquam omnis magnam. Aperiam nesciunt debitis ullam maxime corrupti. Suscipit facilis labore officiis saepe distinctio ipsam esse.","2019","12A","95","Action","OMN",""
"5529a5f9-db2a-459d-8c2f-4f5d37d9c036","California Girls","Veniam eius similique ullam cum laudantium necessitatibus modi. Dignissimos laboriosam optio a ipsum odit praesentium. Fuga perferendis officia nulla cum.","1989","X18","176","Comedy","USA",""
"d803b156-737a-49d1-81c5-4581fe71667d","9 to 5","Repellat maxime natus beatae minus porro error veniam recusandae aperiam. Repudiandae eveniet nemo maiores id officia quos placeat quae quis. Quis ducimus doloremque accusantium unde deleniti.","2022","R18+","169","Comedy","TLS",""
"024f8f2a-8769-4bc8-b61c-55aa44352db1","Volare","Consequuntur corrupti vero ut facilis aliquid cumque praesentium. Laboriosam voluptates voluptas deserunt magnam explicabo odio quidem. Vel numquam dignissimos provident aliquam aut neque temporibus.","2018","MA15+","101","Comedy","USA",""